-- Xóa đăng kí nhóm
DELETE FROM DANGKYNHOM;

-- Xóa CSDL nền địa lý (vì có user liên quan)
DELETE FROM TULIEUCSDLNENDIALY;

-- Khởi tạo người quản trị
DELETE FROM NGUOIDUNG;
INSERT INTO NGUOIDUNG(TENDANGNHAP, MATKHAU, HOTENNGUOIDUNG, VAITRO, LAQUANTRIHETHONG) VALUES('admin', 'J3VXvRPhEXM=', n'Quản trị hệ thống', 3, 1);
INSERT INTO NGUOIDUNG(NGUOIDUNGID, TENDANGNHAP, MATKHAU, HOTENNGUOIDUNG, VAITRO, LAQUANTRIHETHONG) VALUES(1060, 'auto-bot', 'jci+WB0M2pA=', n'Phần mềm nhập liệu tự động', 2, 0);

-- Khởi tạo bảng chức vụ
DELETE FROM CHUCVU;
INSERT INTO CHUCVU(CHUCVUID, TENCHUCVU) VALUES(1, n'Nhân viên');
INSERT INTO CHUCVU(CHUCVUID, TENCHUCVU) VALUES(2, n'Trợ lý');
INSERT INTO CHUCVU(CHUCVUID, TENCHUCVU) VALUES(3, n'Phó trưởng ban');
INSERT INTO CHUCVU(CHUCVUID, TENCHUCVU) VALUES(4, n'Trưởng ban');
INSERT INTO CHUCVU(CHUCVUID, TENCHUCVU) VALUES(5, n'Phó trưởng phòng');
INSERT INTO CHUCVU(CHUCVUID, TENCHUCVU) VALUES(6, n'Trưởng phòng');
INSERT INTO CHUCVU(CHUCVUID, TENCHUCVU) VALUES(7, n'Phó giám đốc');
INSERT INTO CHUCVU(CHUCVUID, TENCHUCVU) VALUES(8, n'Giám đốc');
UPDATE CHUCVU SET MOTA = TENCHUCVU;

-- Khởi tạo bảng phòng/ban
DELETE FROM PHONG;
INSERT INTO PHONG(PHONGID, KHOACHAID, MAPHONG, TENPHONG, THUTUSAPXEP, NGUOISUAID) VALUES(1, 0, 'CBD', n'Cục Bản đồ', '1', 1060);
INSERT INTO PHONG(PHONGID, KHOACHAID, MAPHONG, TENPHONG, THUTUSAPXEP, NGUOISUAID) VALUES(2, 1, 'Ph. KHTH', n'Phòng Kế hoạch tổng hợp', '1.1', 1060);
INSERT INTO PHONG(PHONGID, KHOACHAID, MAPHONG, TENPHONG, THUTUSAPXEP, NGUOISUAID) VALUES(3, 1, 'Ban HC', n'Ban Hành chính', '1.2', 1060);

-- Khởi tạo bảng người dùng
INSERT INTO NGUOIDUNG(PHONGID, CHUCVUID, TENDANGNHAP, MATKHAU, HOTENNGUOIDUNG, VAITRO, LAQUANTRIHETHONG) VALUES(2, 2, 'khoand', 'jci+WB0M2pA=', n'Nguyễn Đăng Khoa', 2, 0);
INSERT INTO NGUOIDUNG(PHONGID, CHUCVUID, TENDANGNHAP, MATKHAU, HOTENNGUOIDUNG, VAITRO, LAQUANTRIHETHONG) VALUES(2, 1, 'tamtt', 'jci+WB0M2pA=', n'Trịnh Thị Tám', 2, 0);
INSERT INTO NGUOIDUNG(PHONGID, CHUCVUID, TENDANGNHAP, MATKHAU, HOTENNGUOIDUNG, VAITRO, LAQUANTRIHETHONG) VALUES(3, 1, 'nhannt', 'jci+WB0M2pA=', n'Nguyễn Thị Nhàn', 2, 0);

-- Khởi tạo bảng Người ký
DELETE FROM NGUOIKY;
INSERT INTO NGUOIKY(TENNGUOIKY, CHUCVU, TENCOQUAN, DIACHI) VALUES(n'Hoàng Minh Ngọc', n'Cục trưởng', n'Cục Bản đồ', n'Hà nội');
INSERT INTO NGUOIKY(TENNGUOIKY, CHUCVU, TENCOQUAN, DIACHI) VALUES(n'Lê Đại Ngọc', n'Phó cục trưởng', n'Cục Bản đồ', n'Hà nội');
INSERT INTO NGUOIKY(TENNGUOIKY, CHUCVU, TENCOQUAN, DIACHI) VALUES(n'Bùi Yên Tĩnh', n'Phó cục trưởng', n'Cục Bản đồ', n'Hà nội');

--Xóa các bảng tư liệu
DELETE FROM TULIEUANHHANGKHONG;
DELETE FROM TULIEUANHVETINH;
DELETE FROM TULIEUBANDO;
DELETE FROM TULIEUBANDOGIAY;
-- DELETE FROM TULIEUCSDLNENDIALY; đã xóa ở trên
DELETE FROM GIATRIDOCAO;
DELETE FROM TULIEUDIEMDOCAO;
DELETE FROM TULIEUDIEMDOCAOGEOID;
DELETE FROM TULIEUDIEMTOADO;
DELETE FROM TULIEUDIEMTRONGLUC;
DELETE FROM TULIEUDVHC;
DELETE FROM TULIEUTRAMGPS;

--Xóa các bảng liên quan đến khóa của bảng TULIEU

DELETE FROM PHIEUNHAPKHOCHITIET;
DELETE FROM PHIEUDATHANGCHITIET;

-- Xóa dữ liệu tồn kho
DELETE FROM TONKHO;
-- Xóa bảng tư liệu
DELETE FROM TULIEU;

-- Xóa phiếu nhập kho
DELETE FROM PHIEUNHAPKHO;
-- Xóa phiếu đặt hàng
DELETE FROM PHIEUDATHANG;

-- Khởi tạo loại khách hàng (Khối cơ quan)
DELETE FROM LOAIKHACHHANG;
INSERT INTO LOAIKHACHHANG(LOAIKHACHHANGID, TENLOAIKHACHHANG) VALUES(1, n'Khối Cơ quan BQP');
INSERT INTO LOAIKHACHHANG(LOAIKHACHHANGID, TENLOAIKHACHHANG) VALUES(2, n'Khối Học viện, nhà trường');
INSERT INTO LOAIKHACHHANG(LOAIKHACHHANGID, TENLOAIKHACHHANG) VALUES(3, n'Khối Cục, Tổng cục');
INSERT INTO LOAIKHACHHANG(LOAIKHACHHANGID, TENLOAIKHACHHANG) VALUES(4, n'Khối Viện, Trung tâm nghiên cứu');
INSERT INTO LOAIKHACHHANG(LOAIKHACHHANGID, TENLOAIKHACHHANG) VALUES(5, n'Khối Doanh nghiệp quốc phòng');
INSERT INTO LOAIKHACHHANG(LOAIKHACHHANGID, TENLOAIKHACHHANG) VALUES(6, n'Khối Quân chủng, Binh chủng');
INSERT INTO LOAIKHACHHANG(LOAIKHACHHANGID, TENLOAIKHACHHANG) VALUES(7, n'Khối Quân khu, Quân đoàn');

-- Khởi tạo khách hàng (Cơ quan đơn vị)
DELETE FROM KHACHHANG;
INSERT INTO KHACHHANG(BOVACOQUANNGANGBOID, LOAIKHACHHANGID, MAKHACHHANG, TENKHACHHANG, NGUOISUAID) VALUES(1, 7, n'QK1', n'Quân khu 1', 1060);
INSERT INTO KHACHHANG(BOVACOQUANNGANGBOID, LOAIKHACHHANGID, MAKHACHHANG, TENKHACHHANG, NGUOISUAID) VALUES(1, 7, n'QK2', n'Quân khu 2', 1060);
INSERT INTO KHACHHANG(BOVACOQUANNGANGBOID, LOAIKHACHHANGID, MAKHACHHANG, TENKHACHHANG, NGUOISUAID) VALUES(1, 7, n'QK3', n'Quân khu 3', 1060);
INSERT INTO KHACHHANG(BOVACOQUANNGANGBOID, LOAIKHACHHANGID, MAKHACHHANG, TENKHACHHANG, NGUOISUAID) VALUES(1, 7, n'QK4', n'Quân khu 4', 1060);
INSERT INTO KHACHHANG(BOVACOQUANNGANGBOID, LOAIKHACHHANGID, MAKHACHHANG, TENKHACHHANG, NGUOISUAID) VALUES(1, 7, n'QK5', n'Quân khu 5', 1060);
INSERT INTO KHACHHANG(BOVACOQUANNGANGBOID, LOAIKHACHHANGID, MAKHACHHANG, TENKHACHHANG, NGUOISUAID) VALUES(1, 7, n'QK7', n'Quân khu 7', 1060);
INSERT INTO KHACHHANG(BOVACOQUANNGANGBOID, LOAIKHACHHANGID, MAKHACHHANG, TENKHACHHANG, NGUOISUAID) VALUES(1, 7, n'QK9', n'Quân khu 9', 1060);
INSERT INTO KHACHHANG(BOVACOQUANNGANGBOID, LOAIKHACHHANGID, MAKHACHHANG, TENKHACHHANG, NGUOISUAID) VALUES(1, 7, n'QĐ1', n'Quân đoàn 1', 1060);
INSERT INTO KHACHHANG(BOVACOQUANNGANGBOID, LOAIKHACHHANGID, MAKHACHHANG, TENKHACHHANG, NGUOISUAID) VALUES(1, 7, n'QĐ2', n'Quân đoàn 2', 1060);
INSERT INTO KHACHHANG(BOVACOQUANNGANGBOID, LOAIKHACHHANGID, MAKHACHHANG, TENKHACHHANG, NGUOISUAID) VALUES(1, 7, n'QĐ3', n'Quân đoàn 3', 1060);
INSERT INTO KHACHHANG(BOVACOQUANNGANGBOID, LOAIKHACHHANGID, MAKHACHHANG, TENKHACHHANG, NGUOISUAID) VALUES(1, 7, n'QĐ4', n'Quân đoàn 4', 1060);
INSERT INTO KHACHHANG(BOVACOQUANNGANGBOID, LOAIKHACHHANGID, MAKHACHHANG, TENKHACHHANG, NGUOISUAID) VALUES(1, 6, n'QC PKKQ', n'Quân chủng Phòng không - Không quân', 1060);
INSERT INTO KHACHHANG(BOVACOQUANNGANGBOID, LOAIKHACHHANGID, MAKHACHHANG, TENKHACHHANG, NGUOISUAID) VALUES(1, 6, n'QC HQ', n'Quân chủng Hải quân', 1060);
INSERT INTO KHACHHANG(BOVACOQUANNGANGBOID, LOAIKHACHHANGID, MAKHACHHANG, TENKHACHHANG, NGUOISUAID) VALUES(1, 2, n'HV KTQS', n'Học viện Kỹ thuật quân sự', 1060);
INSERT INTO KHACHHANG(BOVACOQUANNGANGBOID, LOAIKHACHHANGID, MAKHACHHANG, TENKHACHHANG, NGUOISUAID) VALUES(1, 2, n'HV QP', n'Học viện Quốc phòng', 1060);

-- Khởi tạo bảng Phương pháp thành lập
DELETE FROM PHUONGPHAPTLTYPE;
INSERT INTO PHUONGPHAPTLTYPE(PHUONGPHAPTLTYPEID, MA, NGUOISUAID) VALUES(1, n'Hiện chỉnh', 1060);
INSERT INTO PHUONGPHAPTLTYPE(PHUONGPHAPTLTYPEID, MA, NGUOISUAID) VALUES(2, n'Toàn năng', 1060);
INSERT INTO PHUONGPHAPTLTYPE(PHUONGPHAPTLTYPEID, MA, NGUOISUAID) VALUES(3, n'Biên vẽ', 1060);
INSERT INTO PHUONGPHAPTLTYPE(PHUONGPHAPTLTYPEID, MA, NGUOISUAID) VALUES(4, n'Đo vẽ ảnh số', 1060);
INSERT INTO PHUONGPHAPTLTYPE(PHUONGPHAPTLTYPEID, MA, NGUOISUAID) VALUES(5, n'Số hóa', 1060);
INSERT INTO PHUONGPHAPTLTYPE(PHUONGPHAPTLTYPEID, MA, NGUOISUAID) VALUES(6, n'Liên biên', 1060);
INSERT INTO PHUONGPHAPTLTYPE(PHUONGPHAPTLTYPEID, MA, NGUOISUAID) VALUES(7, n'Giải tích', 1060);
INSERT INTO PHUONGPHAPTLTYPE(PHUONGPHAPTLTYPEID, MA, NGUOISUAID) VALUES(8, n'Đo vẽ giải tích', 1060);
INSERT INTO PHUONGPHAPTLTYPE(PHUONGPHAPTLTYPEID, MA, NGUOISUAID) VALUES(9, n'Đo vẽ mới', 1060);
INSERT INTO PHUONGPHAPTLTYPE(PHUONGPHAPTLTYPEID, MA, NGUOISUAID) VALUES(10, n'Hiện chỉnh và đo vẽ', 1060);
INSERT INTO PHUONGPHAPTLTYPE(PHUONGPHAPTLTYPEID, MA, NGUOISUAID) VALUES(11, n'Đo vẽ và hiện chỉnh', 1060);
INSERT INTO PHUONGPHAPTLTYPE(PHUONGPHAPTLTYPEID, MA, NGUOISUAID) VALUES(12, n'Biên vẽ và hiện chỉnh', 1060);
INSERT INTO PHUONGPHAPTLTYPE(PHUONGPHAPTLTYPEID, MA, NGUOISUAID) VALUES(13, n'Hiện chỉnh và ghép mảnh', 1060);
INSERT INTO PHUONGPHAPTLTYPE(PHUONGPHAPTLTYPEID, MA, NGUOISUAID) VALUES(14, n'Đo vẽ và ghép mảnh', 1060);
INSERT INTO PHUONGPHAPTLTYPE(PHUONGPHAPTLTYPEID, MA, NGUOISUAID) VALUES(15, n'Chuyển hệ và ghép mảnh', 1060);
INSERT INTO PHUONGPHAPTLTYPE(PHUONGPHAPTLTYPEID, MA, NGUOISUAID) VALUES(16, n'Giải tích và số hoá bản đồ', 1060);
INSERT INTO PHUONGPHAPTLTYPE(PHUONGPHAPTLTYPEID, MA, NGUOISUAID) VALUES(17, n'Đo vẽ toàn năng', 1060);
INSERT INTO PHUONGPHAPTLTYPE(PHUONGPHAPTLTYPEID, MA, NGUOISUAID) VALUES(18, n'Bản đồ số hóa', 1060);
INSERT INTO PHUONGPHAPTLTYPE(PHUONGPHAPTLTYPEID, MA, NGUOISUAID) VALUES(1000, '', 1060);
UPDATE PHUONGPHAPTLTYPE SET MOTA = MA;

-- Sửa lại bảng TYLETYPE
UPDATE TYLETYPE SET NGUOISUAID = 1060, NGAYCHINHSUA=SYSDATE, MA = '1/2.000' WHERE TYLETYPEID = 1;
UPDATE TYLETYPE SET NGUOISUAID = 1060, NGAYCHINHSUA=SYSDATE, MA = '1/5.000' WHERE TYLETYPEID = 2;
UPDATE TYLETYPE SET NGUOISUAID = 1060, NGAYCHINHSUA=SYSDATE, MA = '1/10.000' WHERE TYLETYPEID = 3;
UPDATE TYLETYPE SET NGUOISUAID = 1060, NGAYCHINHSUA=SYSDATE, MA = '1/25.000' WHERE TYLETYPEID = 4;
UPDATE TYLETYPE SET NGUOISUAID = 1060, NGAYCHINHSUA=SYSDATE, MA = '1/50.000' WHERE TYLETYPEID = 5;
UPDATE TYLETYPE SET NGUOISUAID = 1060, NGAYCHINHSUA=SYSDATE, MA = '1/100.000' WHERE TYLETYPEID = 6;
UPDATE TYLETYPE SET NGUOISUAID = 1060, NGAYCHINHSUA=SYSDATE, MA = '1/250.000' WHERE TYLETYPEID = 7;
UPDATE TYLETYPE SET NGUOISUAID = 1060, NGAYCHINHSUA=SYSDATE, MA = '1/500.000' WHERE TYLETYPEID = 8;
UPDATE TYLETYPE SET NGUOISUAID = 1060, NGAYCHINHSUA=SYSDATE, MA = '1/1.000.000' WHERE TYLETYPEID = 9;
UPDATE TYLETYPE SET NGUOISUAID = 1060, NGAYCHINHSUA=SYSDATE, MA = '1/30.000' WHERE TYLETYPEID = 10;
UPDATE TYLETYPE SET NGUOISUAID = 1060, NGAYCHINHSUA=SYSDATE, MA = '1/35.000' WHERE TYLETYPEID = 11;
UPDATE TYLETYPE SET NGUOISUAID = 1060, NGAYCHINHSUA=SYSDATE, MA = '1/40.000' WHERE TYLETYPEID = 12;
UPDATE TYLETYPE SET NGUOISUAID = 1060, NGAYCHINHSUA=SYSDATE, MA = '1/50.000' WHERE TYLETYPEID = 13;
UPDATE TYLETYPE SET NGUOISUAID = 1060, NGAYCHINHSUA=SYSDATE, MA = '1/60.000' WHERE TYLETYPEID = 14;
UPDATE TYLETYPE SET NGUOISUAID = 1060, NGAYCHINHSUA=SYSDATE, MA = '1/75.000' WHERE TYLETYPEID = 15;
UPDATE TYLETYPE SET NGUOISUAID = 1060, NGAYCHINHSUA=SYSDATE, MA = '1/90.000' WHERE TYLETYPEID = 16;
UPDATE TYLETYPE SET NGUOISUAID = 1060, NGAYCHINHSUA=SYSDATE, MA = '1/100.000' WHERE TYLETYPEID = 17;
UPDATE TYLETYPE SET NGUOISUAID = 1060, NGAYCHINHSUA=SYSDATE, MA = '1/110.000' WHERE TYLETYPEID = 18;
UPDATE TYLETYPE SET NGUOISUAID = 1060, NGAYCHINHSUA=SYSDATE, MA = '1/150.000' WHERE TYLETYPEID = 19;
UPDATE TYLETYPE SET NGUOISUAID = 1060, NGAYCHINHSUA=SYSDATE, MA = '1/1.000.000' WHERE TYLETYPEID = 20;
UPDATE TYLETYPE SET NGUOISUAID = 1060, NGAYCHINHSUA=SYSDATE, MA = '1/2.000' WHERE TYLETYPEID = 21;
UPDATE TYLETYPE SET NGUOISUAID = 1060, NGAYCHINHSUA=SYSDATE, MA = '1/5.000' WHERE TYLETYPEID = 22;
UPDATE TYLETYPE SET NGUOISUAID = 1060, NGAYCHINHSUA=SYSDATE, MA = '1/10.000' WHERE TYLETYPEID = 23;
UPDATE TYLETYPE SET NGUOISUAID = 1060, NGAYCHINHSUA=SYSDATE, MA = '1/25.000' WHERE TYLETYPEID = 24;
UPDATE TYLETYPE SET NGUOISUAID = 1060, NGAYCHINHSUA=SYSDATE, MA = '1/2.000' WHERE TYLETYPEID = 25;
UPDATE TYLETYPE SET NGUOISUAID = 1060, NGAYCHINHSUA=SYSDATE, MA = '1/5.000' WHERE TYLETYPEID = 26;
UPDATE TYLETYPE SET NGUOISUAID = 1060, NGAYCHINHSUA=SYSDATE, MA = '1/10.000' WHERE TYLETYPEID = 27;
UPDATE TYLETYPE SET NGUOISUAID = 1060, NGAYCHINHSUA=SYSDATE, MA = '1/25.000' WHERE TYLETYPEID = 28;
UPDATE TYLETYPE SET NGUOISUAID = 1060, NGAYCHINHSUA=SYSDATE, MA = '1/50.000' WHERE TYLETYPEID = 29;
DELETE FROM TYLETYPE WHERE TYLETYPEID = 30;
DELETE FROM TYLETYPE WHERE TYLETYPEID = 31;
UPDATE TYLETYPE SET MOTA = MA;

-- Danh mục cơ quan
DELETE FROM DANHMUCCOQUANTYPE;
INSERT INTO DANHMUCCOQUANTYPE(DANHMUCCOQUANTYPEID, MACOQUAN, TENCOQUAN, DIACHI, NGUOISUAID) VALUES(1020, n'CBĐ', n'Cục Bản đồ', n'Hà Nội', 1060);
INSERT INTO DANHMUCCOQUANTYPE(DANHMUCCOQUANTYPEID, MACOQUAN, TENCOQUAN, DIACHI, NGUOISUAID) VALUES(1021, n'SAMCOM', n'Công ty Samcom', n'Hà Nội', 1060);
INSERT INTO DANHMUCCOQUANTYPE(DANHMUCCOQUANTYPEID, MACOQUAN, TENCOQUAN, DIACHI, NGUOISUAID) VALUES(1022, n'XNBĐĐL', n'Xí nghiệp bản đồ Đà lạt', n'Hà Nội', 1060);
INSERT INTO DANHMUCCOQUANTYPE(DANHMUCCOQUANTYPEID, MACOQUAN, TENCOQUAN, DIACHI, NGUOISUAID) VALUES(1023, n'XNBĐ1', n'Xí nghiệp bản đồ 1', n'Hà Nội', 1060);